Type,Name,Request Count,Failure Count,Median Response Time,Average Response Time,Min Response Time,Max Response Time,Average Content Size,Requests/s,Failures/s,50%,66%,75%,80%,90%,95%,98%,99%,99.9%,99.99%,100%
GET,/?url=https%3A%2F%2Fwww.amazon.com,1915,338,2300.0,29142.420563385876,2272.9468180004915,259503.52887499868,2435.085639686684,6.9394225274781265,1.224817135398228,2300,3800,3900,3900,132000,133000,134000,254000,259000,260000,260000
GET,/?url=https%3A%2F%2Fwww.bbc.com,1487,0,2300.0,2490.6323995373364,2274.034334999669,4005.3192830000626,2951.0,5.388470651885104,0.0,2300,2300,2300,2300,3400,3800,3900,3900,4000,4000,4000
GET,/?url=https%3A%2F%2Fwww.cnn.com,1466,0,2300.0,2481.956759552549,2272.845358000268,4004.4917590003024,2951.0,5.312372545839652,0.0,2300,2300,2300,2300,3400,3800,3900,3900,4000,4000,4000
GET,/?url=https%3A%2F%2Fwww.github.com,1514,0,2300.0,2573.4355929339386,2273.5241709997354,3989.5504350006377,2957.0,5.486311073943542,0.0,2300,2300,2300,2400,3800,3800,3900,3900,4000,4000,4000
GET,/?url=https%3A%2F%2Fwww.linkedin.com,1432,0,2300.0,2446.174103957395,2273.2615929999156,3993.842854999457,2961.0,5.18916608843273,0.0,2300,2300,2300,2300,3400,3800,3900,3900,3900,4000,4000
GET,/?url=https%3A%2F%2Fwww.medium.com,1496,0,2300.0,2520.2796849117717,2273.8708580000093,3913.8450669997837,2957.0,5.421084125904583,0.0,2300,2300,2300,2300,3400,3800,3900,3900,3900,3900,3900
GET,/?url=https%3A%2F%2Fwww.nytimes.com,1453,0,2300.0,2479.1830499999996,2273.2362459992146,3954.279146999397,2959.0,5.265264194478181,0.0,2300,2300,2300,2300,3400,3800,3900,3900,3900,4000,4000
GET,/?url=https%3A%2F%2Fwww.reddit.com,1494,0,2300.0,2501.15505220548,2270.6872100006876,3953.301684001417,2957.0,5.413836687233588,0.0,2300,2300,2300,2300,3400,3800,3900,3900,3900,4000,4000
GET,/?url=https%3A%2F%2Fwww.stackoverflow.com,1504,0,2300.0,2546.4247748038515,2269.27803900071,4003.216016000806,2971.0,5.4500738805885645,0.0,2300,2300,2300,2400,3400,3800,3900,3900,4000,4000,4000
GET,/?url=https%3A%2F%2Fwww.wikipedia.org,1515,0,2300.0,2623.100513223084,2271.01692999895,4004.5693769989157,2963.0,5.48993479327904,0.0,2300,2300,2300,3400,3800,3900,3900,3900,4000,4000,4000
,Aggregated,15276,338,2300.0,5856.382190244824,2269.27803900071,259503.52887499868,2892.9515579994763,55.35593656906311,1.224817135398228,2300,2300,2300,2400,3800,3900,130000,132000,254000,259000,260000
