Type,Name,Request Count,Failure Count,Median Response Time,Average Response Time,Min Response Time,Max Response Time,Average Content Size,Requests/s,Failures/s,50%,66%,75%,80%,90%,95%,98%,99%,99.9%,99.99%,100%
GET,/?url=https%3A%2F%2Fwww.amazon.com,1738,338,3400.0,27925.79600374799,2273.6495129993273,134246.08432700008,2381.933256616801,7.099136478033438,1.380614573978885,3400,3800,3900,4000,132000,133000,134000,134000,134000,134000,134000
GET,/?url=https%3A%2F%2Fwww.bbc.com,1334,0,2300.0,2442.069857039685,2274.57269200022,4002.927733999968,2951.0,5.44893444286341,0.0,2300,2300,2300,2300,3400,3400,3800,3900,3900,4000,4000
GET,/?url=https%3A%2F%2Fwww.cnn.com,1320,0,2300.0,2413.768136913633,2274.0077569997084,3930.111104000389,2951.0,5.391749223822864,0.0,2300,2300,2300,2300,2400,3400,3800,3900,3900,3900,3900
GET,/?url=https%3A%2F%2Fwww.github.com,1363,0,2300.0,2462.3042689999675,2273.2083310002054,3996.3950510009454,2957.0,5.567389539447397,0.0,2300,2300,2300,2300,3400,3800,3900,3900,3900,4000,4000
GET,/?url=https%3A%2F%2Fwww.linkedin.com,1279,0,2300.0,2435.8253537248097,2274.3265310000425,6306.182042000728,2961.0,5.224278225204124,0.0,2300,2300,2300,2300,3400,3400,3800,3900,3900,6300,6300
GET,/?url=https%3A%2F%2Fwww.medium.com,1349,0,2300.0,2445.8298766604867,2273.5657339999307,6322.047781000947,2957.0,5.510204320406852,0.0,2300,2300,2300,2300,3400,3400,3800,3900,6300,6300,6300
GET,/?url=https%3A%2F%2Fwww.nytimes.com,1303,0,2300.0,2440.8086947973597,2274.1065619993606,3914.7958510002354,2959.0,5.3223100292736305,0.0,2300,2300,2300,2300,3400,3400,3800,3900,3900,3900,3900
GET,/?url=https%3A%2F%2Fwww.reddit.com,1341,0,2300.0,2439.195882041774,2271.5197849993274,3962.6162330005172,2957.0,5.4775270523836825,0.0,2300,2300,2300,2300,3400,3400,3800,3900,3900,4000,4000
GET,/?url=https%3A%2F%2Fwww.stackoverflow.com,1357,0,2300.0,2441.83061950551,2273.5319709991018,3977.9215439994005,2971.0,5.542881588430021,0.0,2300,2300,2300,2300,3400,3400,3800,3900,3900,4000,4000
GET,/?url=https%3A%2F%2Fwww.wikipedia.org,1379,0,2300.0,2529.892732312531,2274.0141909998783,3956.22052500039,2963.0,5.6327440754937355,0.0,2300,2300,2300,2300,3400,3800,3900,3900,3900,4000,4000
,Aggregated,13763,338,2300.0,5667.624505549194,2271.5197849993274,134246.08432700008,2885.7658214052167,56.21715497535916,1.380614573978885,2300,2300,2300,2300,3400,3900,130000,132000,134000,134000,134000
