Type,Name,Request Count,Failure Count,Median Response Time,Average Response Time,Min Response Time,Max Response Time,Average Content Size,Requests/s,Failures/s,50%,66%,75%,80%,90%,95%,98%,99%,99.9%,99.99%,100%
GET,/?url=https%3A%2F%2Fwww.amazon.com,20,0,3900.0,4410.529618850251,3839.3888370010245,6709.731148001083,2957.0,0.40315354140799264,0.0,4000,4000,4800,5700,6700,6700,6700,6700,6700,6700,6700
GET,/?url=https%3A%2F%2Fwww.bbc.com,10,0,3875.4095719996258,3855.419409699971,3839.1400250002334,3875.4095719996258,2951.0,0.20157677070399632,0.0,3900,3900,3900,3900,3900,3900,3900,3900,3900,3900,3900
GET,/?url=https%3A%2F%2Fwww.cnn.com,10,0,3871.943607000503,3858.2011225002134,3847.7423770000314,3871.943607000503,2951.0,0.20157677070399632,0.0,3900,3900,3900,3900,3900,3900,3900,3900,3900,3900,3900
GET,/?url=https%3A%2F%2Fwww.github.com,10,0,3831.818333999763,3849.166312200032,3831.818333999763,3868.414736998602,2957.0,0.20157677070399632,0.0,3800,3900,3900,3900,3900,3900,3900,3900,3900,3900,3900
GET,/?url=https%3A%2F%2Fwww.linkedin.com,10,0,3874.605609000355,3856.3302199005193,3832.769991000532,3874.605609000355,2961.0,0.20157677070399632,0.0,3900,3900,3900,3900,3900,3900,3900,3900,3900,3900,3900
GET,/?url=https%3A%2F%2Fwww.medium.com,10,0,3869.9903409997205,3860.0891906999095,3851.187039999786,3869.9903409997205,2957.0,0.20157677070399632,0.0,3900,3900,3900,3900,3900,3900,3900,3900,3900,3900,3900
GET,/?url=https%3A%2F%2Fwww.nytimes.com,10,0,3868.0669959994702,3859.1183665001154,3845.936030998928,3868.0669959994702,2959.0,0.20157677070399632,0.0,3900,3900,3900,3900,3900,3900,3900,3900,3900,3900,3900
GET,/?url=https%3A%2F%2Fwww.reddit.com,10,0,3862.617869999667,3857.0363868997447,3842.587975999777,3862.617869999667,2957.0,0.20157677070399632,0.0,3900,3900,3900,3900,3900,3900,3900,3900,3900,3900,3900
GET,/?url=https%3A%2F%2Fwww.stackoverflow.com,10,0,3864.937452999584,3852.873393399568,3842.2432389997994,3864.937452999584,2971.0,0.20157677070399632,0.0,3900,3900,3900,3900,3900,3900,3900,3900,3900,3900,3900
GET,/?url=https%3A%2F%2Fwww.wikipedia.org,18,0,3879.1081869985646,3856.0123906108856,3825.5410069996287,3879.1081869985646,2963.0,0.36283818726719336,0.0,3900,3900,3900,3900,3900,3900,3900,3900,3900,3900,3900
,Aggregated,118,0,3900.0,3950.0098256440842,3825.5410069996287,6709.731148001083,2958.593220338983,2.3786058943071566,0.0,3900,3900,3900,3900,3900,4000,5700,6700,6700,6700,6700
