Type,Name,Request Count,Failure Count,Median Response Time,Average Response Time,Min Response Time,Max Response Time,Average Content Size,Requests/s,Failures/s,50%,66%,75%,80%,90%,95%,98%,99%,99.9%,99.99%,100%
GET,/?url=https%3A%2F%2Fwww.amazon.com,20,0,3900.0,4323.99153694987,3839.285313999426,6362.047779999557,2957.0,0.37287664298864165,0.0,4000,4000,4500,5300,6400,6400,6400,6400,6400,6400,6400
GET,/?url=https%3A%2F%2Fwww.bbc.com,10,0,3882.938329999888,3870.448034200308,3851.328631000797,3882.938329999888,2951.0,0.18643832149432082,0.0,3900,3900,3900,3900,3900,3900,3900,3900,3900,3900,3900
GET,/?url=https%3A%2F%2Fwww.cnn.com,10,0,3876.35377100014,3866.1682183001176,3847.492619001059,3876.35377100014,2951.0,0.18643832149432082,0.0,3900,3900,3900,3900,3900,3900,3900,3900,3900,3900,3900
GET,/?url=https%3A%2F%2Fwww.github.com,18,0,3868.2901940010197,3860.729529777523,3840.022288999535,3868.2901940010197,2957.0,0.33558897868977744,0.0,3900,3900,3900,3900,3900,3900,3900,3900,3900,3900,3900
GET,/?url=https%3A%2F%2Fwww.linkedin.com,10,0,3868.5391540002456,3864.5762255999216,3850.424344998828,3868.5391540002456,2961.0,0.18643832149432082,0.0,3900,3900,3900,3900,3900,3900,3900,3900,3900,3900,3900
GET,/?url=https%3A%2F%2Fwww.medium.com,10,0,3873.267940000005,3860.7009252000353,3846.1149480008316,3873.267940000005,2957.0,0.18643832149432082,0.0,3900,3900,3900,3900,3900,3900,3900,3900,3900,3900,3900
GET,/?url=https%3A%2F%2Fwww.nytimes.com,10,0,3880.38694900024,3870.134746599979,3861.275082999782,3880.38694900024,2959.0,0.18643832149432082,0.0,3900,3900,3900,3900,3900,3900,3900,3900,3900,3900,3900
GET,/?url=https%3A%2F%2Fwww.reddit.com,10,0,3874.12988899996,3863.4296442998675,3841.4863540001534,3874.12988899996,2957.0,0.18643832149432082,0.0,3900,3900,3900,3900,3900,3900,3900,3900,3900,3900,3900
GET,/?url=https%3A%2F%2Fwww.stackoverflow.com,10,0,3844.274064000274,3857.230482099658,3844.274064000274,3876.8195819993707,2971.0,0.18643832149432082,0.0,3900,3900,3900,3900,3900,3900,3900,3900,3900,3900,3900
GET,/?url=https%3A%2F%2Fwww.wikipedia.org,20,0,3878.24652999916,3861.904510899967,3844.3405119996896,3878.24652999916,2963.0,0.37287664298864165,0.0,3900,3900,3900,3900,3900,3900,3900,3900,3900,3900,3900
,Aggregated,128,0,3900.0,3935.4526191874293,3839.285313999426,6362.047779999557,2958.5625,2.3864105151273063,0.0,3900,3900,3900,3900,3900,4000,5300,6400,6400,6400,6400
