Type,Name,Request Count,Failure Count,Median Response Time,Average Response Time,Min Response Time,Max Response Time,Average Content Size,Requests/s,Failures/s,50%,66%,75%,80%,90%,95%,98%,99%,99.9%,99.99%,100%
GET,/?url=https%3A%2F%2Fwww.amazon.com,1089,0,2300.0,2910.659154792442,2271.763403001387,6703.682977999051,2957.0,5.635734891839349,0.0,2300,3400,3400,3800,3900,3900,5300,6300,6700,6700,6700
GET,/?url=https%3A%2F%2Fwww.bbc.com,1032,0,2300.0,2452.6550195445957,2272.7332149988797,3998.9781680014858,2951.0,5.340751522845004,0.0,2300,2300,2300,2300,3400,3800,3800,3900,4000,4000,4000
GET,/?url=https%3A%2F%2Fwww.cnn.com,1013,0,2300.0,2459.3398936515823,2274.696683998627,3935.447887999544,2951.0,5.242423733180221,0.0,2300,2300,2300,2300,3400,3800,3900,3900,3900,3900,3900
GET,/?url=https%3A%2F%2Fwww.github.com,1060,0,2300.0,2522.0251267613335,2275.6702810002025,4003.8558159994864,2957.0,5.485655633929945,0.0,2300,2300,2300,2300,3400,3800,3900,3900,3900,4000,4000
GET,/?url=https%3A%2F%2Fwww.linkedin.com,977,0,2300.0,2461.3391653684657,2273.6701510002604,3903.0711269988387,2961.0,5.056118447499582,0.0,2300,2300,2300,2300,3400,3800,3900,3900,3900,3900,3900
GET,/?url=https%3A%2F%2Fwww.medium.com,1048,0,2300.0,2506.2350217318826,2275.9961350002413,3993.1409479995637,2957.0,5.423553872036399,0.0,2300,2300,2300,2300,3400,3800,3900,3900,3900,4000,4000
GET,/?url=https%3A%2F%2Fwww.nytimes.com,1001,0,2300.0,2468.3598147173034,2275.5637780010147,3920.4967109999416,2959.0,5.180321971286674,0.0,2300,2300,2300,2300,3400,3800,3800,3900,3900,3900,3900
GET,/?url=https%3A%2F%2Fwww.reddit.com,1042,0,2300.0,2470.6334546064923,2276.1243610002566,3908.04462000051,2957.0,5.392502991089626,0.0,2300,2300,2300,2300,3400,3800,3800,3900,3900,3900,3900
GET,/?url=https%3A%2F%2Fwww.stackoverflow.com,1053,0,2300.0,2479.784465218413,2273.2945839998138,6300.065430001268,2971.0,5.44942960615871,0.0,2300,2300,2300,2300,3400,3800,3900,3900,3900,6300,6300
GET,/?url=https%3A%2F%2Fwww.wikipedia.org,1071,0,2300.0,2520.3093721363116,2275.162512998577,3957.111181998698,2963.0,5.54258224899903,0.0,2300,2300,2300,2300,3500,3800,3900,3900,3900,4000,4000
,Aggregated,10386,0,2300.0,2527.677741900622,2271.763403001387,6703.682977999051,2958.425765453495,53.74907491886454,0.0,2300,2300,2300,2300,3400,3800,3900,3900,6300,6700,6700
