Type,Name,Request Count,Failure Count,Median Response Time,Average Response Time,Min Response Time,Max Response Time,Average Content Size,Requests/s,Failures/s,50%,66%,75%,80%,90%,95%,98%,99%,99.9%,99.99%,100%
GET,/?url=https%3A%2F%2Fwww.amazon.com,30,0,3900.0,4639.055951666827,3436.10829499994,7884.511022999504,2957.0,0.34771409255694913,0.0,3900,3900,5100,5600,7900,7900,7900,7900,7900,7900,7900
GET,/?url=https%3A%2F%2Fwww.bbc.com,20,0,3800.0,3700.824165350241,3414.506569999503,3863.458576000994,2951.0,0.2318093950379661,0.0,3800,3800,3900,3900,3900,3900,3900,3900,3900,3900,3900
GET,/?url=https%3A%2F%2Fwww.cnn.com,20,0,3800.0,3702.2296402999928,3416.7973380008334,3883.239622000474,2951.0,0.2318093950379661,0.0,3800,3900,3900,3900,3900,3900,3900,3900,3900,3900,3900
GET,/?url=https%3A%2F%2Fwww.github.com,20,0,3800.0,3675.7485670998904,2289.828236000176,3882.3947820001194,2957.0,0.2318093950379661,0.0,3800,3900,3900,3900,3900,3900,3900,3900,3900,3900,3900
GET,/?url=https%3A%2F%2Fwww.linkedin.com,20,0,3872.7609580000717,3752.4313675001395,3431.022781000138,3872.7609580000717,2961.0,0.2318093950379661,0.0,3900,3900,3900,3900,3900,3900,3900,3900,3900,3900,3900
GET,/?url=https%3A%2F%2Fwww.medium.com,20,0,3800.0,3691.2236294998365,3419.5909530008066,3880.6679919998714,2957.0,0.2318093950379661,0.0,3900,3900,3900,3900,3900,3900,3900,3900,3900,3900,3900
GET,/?url=https%3A%2F%2Fwww.nytimes.com,20,0,3867.835972998364,3809.258567049983,3420.8089820003806,3867.835972998364,2959.0,0.2318093950379661,0.0,3900,3900,3900,3900,3900,3900,3900,3900,3900,3900,3900
GET,/?url=https%3A%2F%2Fwww.reddit.com,20,0,3800.0,3792.4179385998286,3414.023935998557,3879.1137489988614,2957.0,0.2318093950379661,0.0,3900,3900,3900,3900,3900,3900,3900,3900,3900,3900,3900
GET,/?url=https%3A%2F%2Fwww.stackoverflow.com,20,0,3800.0,3732.111862000147,3425.3247199994803,3881.963765999899,2971.0,0.2318093950379661,0.0,3900,3900,3900,3900,3900,3900,3900,3900,3900,3900,3900
GET,/?url=https%3A%2F%2Fwww.wikipedia.org,25,0,3800.0,3710.6234023200523,2305.4394829996454,3887.174790001154,2963.0,0.2897617437974576,0.0,3800,3900,3900,3900,3900,3900,3900,3900,3900,3900,3900
,Aggregated,215,0,3800.0,3856.103155144219,2289.828236000176,7884.511022999504,2958.4418604651164,2.4919509966581357,0.0,3800,3900,3900,3900,3900,3900,7900,7900,7900,7900,7900
