Type,Name,Request Count,Failure Count,Median Response Time,Average Response Time,Min Response Time,Max Response Time,Average Content Size,Requests/s,Failures/s,50%,66%,75%,80%,90%,95%,98%,99%,99.9%,99.99%,100%
GET,/?url=https%3A%2F%2Fwww.amazon.com,1565,338,2400.0,30583.28857096033,2274.7223719998146,134027.15902599995,2318.3635782747606,7.283988710439946,1.5731553892196175,2400,3500,3900,130000,133000,134000,134000,134000,134000,134000,134000
GET,/?url=https%3A%2F%2Fwww.bbc.com,1192,0,2300.0,2539.529703546984,2274.427705000562,4002.3135490009736,2951.0,5.547932615236048,0.0,2300,2300,2400,2400,3400,3900,3900,3900,4000,4000,4000
GET,/?url=https%3A%2F%2Fwww.cnn.com,1179,0,2300.0,2539.3781854605604,2276.4494300008664,4004.503438000029,2951.0,5.487426638727601,0.0,2300,2300,2400,2400,3400,3800,3900,3900,4000,4000,4000
GET,/?url=https%3A%2F%2Fwww.github.com,1201,0,2300.0,2537.109902570352,2274.4114809993334,3930.2555819995177,2957.0,5.589821368203435,0.0,2300,2300,2400,2400,3400,3800,3900,3900,3900,3900,3900
GET,/?url=https%3A%2F%2Fwww.linkedin.com,1131,0,2300.0,2486.479531183049,2274.3763609996677,3926.973061001263,2961.0,5.264019956234875,0.0,2300,2300,2300,2300,3400,3800,3900,3900,3900,3900,3900
GET,/?url=https%3A%2F%2Fwww.medium.com,1197,0,2300.0,2555.03931566586,2275.0187609999557,3966.2698969987105,2957.0,5.5712041446623735,0.0,2300,2400,2400,2400,3400,3900,3900,3900,4000,4000,4000
GET,/?url=https%3A%2F%2Fwww.nytimes.com,1157,0,2300.0,2504.41284051598,2276.4944910013583,4006.0193040008016,2959.0,5.385031909251768,0.0,2300,2300,2400,2400,3400,3800,3900,3900,4000,4000,4000
GET,/?url=https%3A%2F%2Fwww.reddit.com,1195,0,2300.0,2525.914322750621,2272.181296999406,3997.338798999408,2957.0,5.561895532891843,0.0,2300,2300,2400,2400,3400,3900,3900,3900,4000,4000,4000
GET,/?url=https%3A%2F%2Fwww.stackoverflow.com,1200,0,2300.0,2525.0548707849816,2274.3244729990693,4005.513439000424,2971.0,5.585167062318169,0.0,2300,2300,2400,2400,3400,3800,3900,3900,4000,4000,4000
GET,/?url=https%3A%2F%2Fwww.wikipedia.org,1209,0,2300.0,2553.4770843772035,2275.0956899999437,3958.2082090000767,2963.0,5.627055815285555,0.0,2300,2300,2400,2400,3800,3800,3900,3900,3900,4000,4000
,Aggregated,12226,338,2300.0,6120.959039470309,2272.181296999406,134027.15902599995,2876.6139375102243,56.90354375325161,1.5731553892196175,2300,2300,2400,2500,3800,3900,130000,133000,134000,134000,134000
