Type,Name,Request Count,Failure Count,Median Response Time,Average Response Time,Min Response Time,Max Response Time,Average Content Size,Requests/s,Failures/s,50%,66%,75%,80%,90%,95%,98%,99%,99.9%,99.99%,100%
GET,/?url=https%3A%2F%2Fwww.amazon.com,900,0,2300.0,3404.7898523366584,2257.9952420001064,10282.71156000119,2957.0,5.719273486012201,0.0,2300,3400,3800,3900,7400,7500,7600,8000,10000,10000,10000
GET,/?url=https%3A%2F%2Fwww.bbc.com,825,0,2300.0,2537.626317275181,2256.1120609989302,3989.4214819996705,2951.0,5.242667362177851,0.0,2300,2400,2400,2400,3400,3900,3900,3900,4000,4000,4000
GET,/?url=https%3A%2F%2Fwww.cnn.com,786,0,2400.0,2523.9775122697047,2277.105503999337,6264.194919000147,2951.0,4.994832177783989,0.0,2400,2400,2400,2500,3400,3800,3900,4000,6300,6300,6300
GET,/?url=https%3A%2F%2Fwww.github.com,899,0,2300.0,2561.698814101238,2277.2281839988864,4003.6051939987374,2957.0,5.71291873769441,0.0,2300,2400,2400,2500,3500,3900,3900,3900,4000,4000,4000
GET,/?url=https%3A%2F%2Fwww.linkedin.com,750,0,2300.0,2528.693631897329,2245.969724999668,4002.7743530008593,2961.0,4.766061238343501,0.0,2300,2300,2400,2400,3500,3800,3900,3900,4000,4000,4000
GET,/?url=https%3A%2F%2Fwww.medium.com,881,0,2300.0,2540.135069975019,2254.5762640002067,3943.946765999499,2957.0,5.598533267974166,0.0,2300,2400,2400,2500,3400,3800,3900,3900,3900,3900,3900
GET,/?url=https%3A%2F%2Fwww.nytimes.com,762,0,2300.0,2522.2046927480633,2260.371866999776,4002.654129999428,2959.0,4.842318218156997,0.0,2300,2400,2400,2400,3400,3800,3900,3900,4000,4000,4000
GET,/?url=https%3A%2F%2Fwww.reddit.com,855,0,2300.0,2528.4445891813075,2253.010312000697,3973.450280000179,2957.0,5.433309811711592,0.0,2300,2400,2400,2500,3400,3800,3900,3900,4000,4000,4000
GET,/?url=https%3A%2F%2Fwww.stackoverflow.com,894,0,2300.0,2529.264504260609,2262.494593000156,4005.2862529992126,2971.0,5.681144996105453,0.0,2300,2300,2400,2400,3400,3800,3900,3900,4000,4000,4000
GET,/?url=https%3A%2F%2Fwww.wikipedia.org,900,0,2300.0,2577.85035152,2267.8626119995897,3957.7379660004226,2963.0,5.719273486012201,0.0,2300,2400,2400,2500,3800,3900,3900,3900,4000,4000,4000
,Aggregated,8452,0,2300.0,2631.804690102698,2245.969724999668,10282.71156000119,2958.5113582584004,53.71033278197236,0.0,2300,2400,2400,2500,3500,3900,4000,7400,8000,10000,10000
