Type,Name,Request Count,Failure Count,Median Response Time,Average Response Time,Min Response Time,Max Response Time,Average Content Size,Requests/s,Failures/s,50%,66%,75%,80%,90%,95%,98%,99%,99.9%,99.99%,100%
GET,/?url=https%3A%2F%2Fwww.amazon.com,1826,337,2500.0,26640.51804707005,2272.1899450007186,134224.85684999992,2411.2667031763417,6.956076999756048,1.2837885810064558,2500,3800,3900,5400,132000,133000,134000,134000,134000,134000,134000
GET,/?url=https%3A%2F%2Fwww.bbc.com,1376,0,2300.0,2491.412003385926,2274.496186999386,3928.307339001549,2951.0,5.241819250637635,0.0,2300,2300,2300,2300,3400,3800,3900,3900,3900,3900,3900
GET,/?url=https%3A%2F%2Fwww.cnn.com,1363,0,2300.0,2485.4976207960467,2274.5142679996206,4002.570911001385,2951.0,5.192296248996437,0.0,2300,2300,2300,2300,3400,3800,3900,3900,4000,4000,4000
GET,/?url=https%3A%2F%2Fwww.github.com,1455,0,2300.0,2560.461599382122,2272.2572719994787,3967.4564669985557,2957.0,5.542766722149534,0.0,2300,2300,2300,2400,3800,3800,3900,3900,4000,4000,4000
GET,/?url=https%3A%2F%2Fwww.linkedin.com,1350,0,2300.0,2482.1635272473986,2270.2254679988982,3938.412056000743,2961.0,5.142773247355238,0.0,2300,2300,2300,2300,3400,3800,3900,3900,3900,3900,3900
GET,/?url=https%3A%2F%2Fwww.medium.com,1413,0,2300.0,2513.184033137304,2273.2638999987103,3886.226833999899,2957.0,5.382769332231816,0.0,2300,2300,2300,2300,3400,3800,3900,3900,3900,3900,3900
GET,/?url=https%3A%2F%2Fwww.nytimes.com,1355,0,2300.0,2485.20783390257,2273.2022990003315,3935.8341010010918,2959.0,5.1618205556787755,0.0,2300,2300,2300,2300,3400,3800,3900,3900,3900,3900,3900
GET,/?url=https%3A%2F%2Fwww.reddit.com,1396,0,2300.0,2486.5287970931067,2272.3673740001686,3944.5707160011807,2957.0,5.318008483931787,0.0,2300,2300,2300,2300,3400,3800,3900,3900,3900,3900,3900
GET,/?url=https%3A%2F%2Fwww.stackoverflow.com,1429,0,2300.0,2531.0869852554265,2272.94338899992,3986.065379000138,2971.0,5.443720718867137,0.0,2300,2300,2300,2300,3400,3800,3900,3900,4000,4000,4000
GET,/?url=https%3A%2F%2Fwww.wikipedia.org,1474,0,2300.0,2625.2929032985458,2272.5031780009886,4002.607992999401,2963.0,5.615146493778978,0.0,2300,2300,2400,3400,3800,3900,3900,3900,4000,4000,4000
,Aggregated,14437,337,2300.0,5570.013119937243,2270.2254679988982,134224.85684999992,2889.3971046616334,54.997198053383386,1.2837885810064558,2300,2300,2300,2500,3800,3900,130000,132000,134000,134000,134000
