Type,Name,Request Count,Failure Count,Median Response Time,Average Response Time,Min Response Time,Max Response Time,Average Content Size,Requests/s,Failures/s,50%,66%,75%,80%,90%,95%,98%,99%,99.9%,99.99%,100%
GET,/?url=https%3A%2F%2Fwww.amazon.com,658,0,2300.0,2954.2442739635553,2273.4881680007675,5596.197488999678,2957.0,5.800841377282696,0.0,2300,3400,3800,3800,3900,3900,3900,4700,5600,5600,5600
GET,/?url=https%3A%2F%2Fwww.bbc.com,597,0,2300.0,2420.1489568593097,2277.048764999563,3928.316443001677,2951.0,5.263073407656185,0.0,2300,2300,2300,2300,2400,3400,3500,3900,3900,3900,3900
GET,/?url=https%3A%2F%2Fwww.cnn.com,587,0,2300.0,2416.0201934173256,2274.4232439999905,3898.0764389998512,2951.0,5.174914724110855,0.0,2300,2300,2300,2400,2400,3400,3400,3800,3900,3900,3900
GET,/?url=https%3A%2F%2Fwww.github.com,610,0,2300.0,2438.466852872096,2276.162923000811,3902.951669999311,2957.0,5.377679696265113,0.0,2300,2300,2300,2300,3400,3400,3800,3900,3900,3900,3900
GET,/?url=https%3A%2F%2Fwww.linkedin.com,549,0,2300.0,2421.0726655774483,2274.8397679988557,4002.7445830000943,2961.0,4.839911726638602,0.0,2300,2300,2300,2300,2500,3400,3500,3800,4000,4000,4000
GET,/?url=https%3A%2F%2Fwww.medium.com,600,0,2300.0,2404.826637408292,2278.3040489994164,3886.1667000001034,2957.0,5.289521012719783,0.0,2300,2300,2300,2300,2400,3400,3800,3900,3900,3900,3900
GET,/?url=https%3A%2F%2Fwww.nytimes.com,572,0,2300.0,2447.070550856687,2275.189133000822,3904.9190009991435,2959.0,5.04267669879286,0.0,2300,2300,2300,2300,3400,3400,3500,3900,3900,3900,3900
GET,/?url=https%3A%2F%2Fwww.reddit.com,600,0,2300.0,2481.814261459996,2277.922324999963,3879.8554329987383,2957.0,5.289521012719783,0.0,2300,2300,2400,2400,3400,3400,3600,3900,3900,3900,3900
GET,/?url=https%3A%2F%2Fwww.stackoverflow.com,601,0,2300.0,2420.3732131531015,2275.2714630005357,3950.253827000779,2971.0,5.2983368810743166,0.0,2300,2300,2300,2300,2400,3400,3800,3900,4000,4000,4000
GET,/?url=https%3A%2F%2Fwww.wikipedia.org,633,0,2300.0,2449.700259854695,2275.768898000024,3902.54827300123,2963.0,5.580444668419371,0.0,2300,2300,2300,2300,3400,3500,3900,3900,3900,3900,3900
,Aggregated,6007,0,2300.0,2490.523164093067,2273.4881680007675,5596.197488999678,2958.4063592475445,52.95692120567956,0.0,2300,2300,2300,2400,3400,3800,3900,3900,4700,5600,5600
